"","x"
"rs31626506_BC11",FALSE
"rs31626506_BC21",FALSE
"rs49448999_BC12",TRUE
"rs49448999_BC11",TRUE
"rs49448999_BC21",TRUE
"rs46751997_BC11",TRUE
"rs46751997_BC21",TRUE
"rs259149286_BC11",FALSE
"rs259149286_BC12",FALSE
"rs259149286_BC21",FALSE
"rs227456166_BC11",TRUE
"rs227456166_BC21",TRUE
"rs1-101008622_BC11",TRUE
"rs1-101008622_BC21",TRUE
"rs264283936_BC11",FALSE
"rs231864851_BC11",FALSE
"rs231864851_BC21",FALSE
"rs1-146717652_BC11",TRUE
"rs1-146717652_BC21",TRUE
"rs265515652_BC11",TRUE
"rs265515652_BC12",TRUE
"rs265515652_BC21",TRUE
"rs32703576_BC11",TRUE
"rs32703576_BC12",TRUE
"rs32703576_BC21",TRUE
"rs221586919_BC11",FALSE
"rs221586919_BC21",FALSE
"rs31602860_BC11",TRUE
"rs31349762_BC11",TRUE
"rs31349762_BC21",TRUE
"rs31467504_BC21",TRUE
"rs32531309_BC11",TRUE
"rs32531309_BC21",TRUE
"rs227257909_BC11",FALSE
"rs227257909_BC21",FALSE
"rs245307400_TC11",TRUE
"rs245307400_TC12",TRUE
"rs245307400_TC21",TRUE
"rs46751997_TC11",TRUE
"rs259149286_TC11",FALSE
"rs32255258_TC11",FALSE
"rs32255258_TC21",FALSE
"rs227456166_TC11",TRUE
"rs218141243_TC11",FALSE
"rs218141243_TC21",FALSE
"rs32153474_TC11",TRUE
"rs32153474_TC21",TRUE
"rs259183823_TC11",TRUE
"rs259183823_TC21",TRUE
"rs264283936_TC11",FALSE
"rs264283936_TC21",FALSE
"rs30746315_TC11",TRUE
"rs30746315_TC21",TRUE
"rs261531602_TC11",TRUE
"rs261531602_TC21",TRUE
"rs51702443_TC11",FALSE
"rs51702443_TC21",FALSE
"rs31034349_TC11",TRUE
"rs31034349_TC12",TRUE
"rs31034349_TC21",TRUE
"rs1-146717652_TC11",TRUE
"rs223418751_TC11",TRUE
"rs223418751_TC12",TRUE
"rs223418751_TC21",TRUE
"rs31091714_TC11",TRUE
"rs31091714_TC12",TRUE
"rs31091714_TC21",TRUE
"rs251378371_TC11",TRUE
"rs251378371_TC21",TRUE
"rs221586919_BO11",FALSE
"rs31338587_TC11",TRUE
"rs31338587_TC21",TRUE
"rs31602860_TC11",TRUE
"rs31602860_TC12",TRUE
"rs31602860_TC21",TRUE
"rs32531309_BO11",TRUE
"rs238899583_TO11",TRUE
"rs247282477_BC11",TRUE
"rs247282477_BC21",TRUE
"rs38597635_BC11",FALSE
"rs230528105_BC11",TRUE
"rs256284328_BC11",FALSE
"rs256284328_BC21",FALSE
"rs240174762_BC11",FALSE
"rs240174762_BC21",FALSE
"rs48794940_BC11",TRUE
"rs48794940_BC21",TRUE
"rs48284079_BC11",TRUE
"rs48284079_BC12",TRUE
"rs48284079_BC21",TRUE
"rs232456961_BC11",TRUE
"rs232456961_BC12",TRUE
"rs232456961_BC21",TRUE
"rs218321426_BC11",TRUE
"rs218321426_BC21",TRUE
"rs221579898_BC11",TRUE
"rs50049494_TC11",FALSE
"rs50049494_TC21",FALSE
"rs234657554_TC11",FALSE
"rs234657554_TC21",FALSE
"rs227343925_TC11",TRUE
"rs227343925_TC12",TRUE
"rs227343925_TC21",TRUE
"rs250466379_TC11",TRUE
"rs225111647_TC11",FALSE
"rs225111647_TC21",FALSE
"rs108256820_TC11",TRUE
"rs108256820_TC12",TRUE
"rs108256820_TC21",TRUE
"rs238899583_TC11",TRUE
"rs238899583_TC21",TRUE
"rs228546982_TC11",TRUE
"rs228546982_TC21",TRUE
"rs252470098_TC11",TRUE
"rs252470098_TC12",TRUE
"rs252470098_TC21",TRUE
"rs231827732_TC21",TRUE
"rs38597635_TC11",FALSE
"rs38597635_TC21",FALSE
"rs230528105_TC11",TRUE
"rs230528105_TC21",TRUE
"rs240174762_BO11",FALSE
"rs48794940_TC11",TRUE
"rs217942576_TC11",TRUE
"rs217942576_TC21",TRUE
"rs259358660_TC11",TRUE
"rs259358660_TC21",TRUE
"rs221579898_TC11",TRUE
"rs221579898_TC21",TRUE
"rs11-4183579_BC11",FALSE
"rs26864015_BC11",TRUE
"rs26864015_BC21",TRUE
"rs28179788_BC11",TRUE
"rs213009914_BC11",FALSE
"rs213009914_BC21",FALSE
"rs215033978_BC21",FALSE
"rs26915261_BC11",TRUE
"rs26915261_BC12",TRUE
"rs26915261_BC21",TRUE
"rs584222858_BC11",TRUE
"rs584222858_BC21",TRUE
"rs222920567_BC11",FALSE
"rs229907807_BC11",TRUE
"rs229907807_BC21",TRUE
"rs11-81409699_BC11",TRUE
"rs11-81409699_BC21",TRUE
"rs11-81409699_BC22",TRUE
"rs219753110_BC11",TRUE
"rs219753110_BC21",TRUE
"rs235802917_BC11",TRUE
"rs235802917_BC21",TRUE
"rs29431399_BC11",TRUE
"rs29431399_BC21",TRUE
"rs264029118_BC11",FALSE
"rs264029118_BC12",FALSE
"rs223092379_BC11",TRUE
"rs223092379_BC12",TRUE
"rs223092379_BC21",TRUE
"rs11-4183579_TC11",FALSE
"rs11-4183579_TC21",FALSE
"rs11-9451399_TC11",FALSE
"rs11-9451399_TC12",FALSE
"rs11-9451399_TC21",FALSE
"rs220086268_TC11",TRUE
"rs220086268_TC21",TRUE
"rs26847171_TC11",TRUE
"rs26847171_TC21",TRUE
"rs26897876_TC11",FALSE
"rs26897876_TC21",FALSE
"rs247636862_TC11",TRUE
"rs247636862_TC21",TRUE
"rs50615896_TC11",TRUE
"rs50615896_TC21",TRUE
"rs581280974_TC11",TRUE
"rs581280974_TC21",TRUE
"rs215033978_TC11",FALSE
"rs11-72715146_TC11",TRUE
"rs11-72715146_TC21",TRUE
"rs258676951_TC11",TRUE
"rs258676951_TC21",TRUE
"rs222920567_TC11",FALSE
"rs233195649_TC11",FALSE
"rs233195649_TC21",FALSE
"rs29431399_TC11",TRUE
"rs11-118757022_TC11",TRUE
"rs11-118757022_TC21",TRUE
"rs246839600_TC11",TRUE
"rs246839600_TC21",TRUE
"rs47959292_BC11",TRUE
"rs47959292_BC21",TRUE
"rs225856342_BC11",TRUE
"rs225856342_BC12",TRUE
"rs225856342_BC21",TRUE
"rs248892702_BC11",FALSE
"rs246227460_BC11",FALSE
"rs246227460_BC21",FALSE
"rs29156031_BC11",TRUE
"rs29156031_BC21",TRUE
"rs29175830_BC11",TRUE
"rs255647337_TO11",TRUE
"rs243890462_BC21",TRUE
"rs226075615_BC11",TRUE
"rs226075615_BC21",TRUE
"rs48488840_BC21",FALSE
"rs3718745_BC11",FALSE
"rs3718745_BC21",FALSE
"rs49621304_BC11",FALSE
"rs49621304_BC21",FALSE
"rs29152857_BC11",FALSE
"rs29152857_BC12",FALSE
"rs12-45422860_BC11",TRUE
"rs12-45422860_BC21",TRUE
"rs31786682_BC11",FALSE
"rs31786682_BC21",FALSE
"rs36342546_BC11",TRUE
"rs36342546_BC21",TRUE
"rs40125798_BC11",TRUE
"rs40125798_BC21",TRUE
"rs243976225_BC11",FALSE
"rs243976225_BC12",FALSE
"rs243976225_BC21",FALSE
"rs29208028_BC11",TRUE
"rs29208028_BC21",TRUE
"rs263566580_BC11",TRUE
"rs263566580_BC12",TRUE
"rs263566580_BC21",TRUE
"rs213638876_BC11",FALSE
"rs213638876_BC12",FALSE
"rs213638876_BC21",FALSE
"rs29192233_BC11",TRUE
"rs29192233_BC21",TRUE
"rs247394039_BC11",FALSE
"rs247394039_BC21",FALSE
"rs47959292_TC11",TRUE
"rs248892702_TC21",FALSE
"rs222875802_TC11",TRUE
"rs222875802_TC21",TRUE
"rs29215937_TC11",FALSE
"rs29215937_TC12",FALSE
"rs29215937_TC21",FALSE
"rs29175830_TC11",TRUE
"rs29175830_TC21",TRUE
"rs255647337_TC21",TRUE
"rs47415320_TC11",TRUE
"rs47415320_TC12",TRUE
"rs47415320_TC21",TRUE
"rs48488840_TC11",FALSE
"rs46079949_TC11",TRUE
"rs46079949_TC12",TRUE
"rs46079949_TC21",TRUE
"rs29152857_TC11",FALSE
"rs47203680_TC11",FALSE
"rs47203680_TC21",FALSE
"rs219356631_TC11",FALSE
"rs219356631_TC12",FALSE
"rs219356631_TC21",FALSE
"rs108708364_TC11",TRUE
"rs108708364_TC12",TRUE
"rs108708364_TC21",TRUE
"rs243976225_TC11",FALSE
"rs29178198_TC11",FALSE
"rs29178198_TC21",FALSE
"rs243789120_TC11",TRUE
"rs243789120_TC12",TRUE
"rs243789120_TC21",TRUE
"rs250595130_TC11",TRUE
"rs256556599_TC11",TRUE
"rs256556599_TC21",TRUE
"rs29509115_TO11",FALSE
"rs49775858_BC11",FALSE
"rs49775858_BC21",FALSE
"rs49560492_BC11",TRUE
"rs49560492_BC21",TRUE
"rs255202501_BC11",TRUE
"rs255202501_BC12",TRUE
"rs255202501_BC21",TRUE
"rs578535906_TO11",FALSE
"rs29773309_TO11",TRUE
"rs29801485_BC11",TRUE
"rs29801485_BC12",TRUE
"rs29801485_BC21",TRUE
"rs29493699_BC11",TRUE
"rs214721427_BC11",TRUE
"rs214721427_BC21",TRUE
"rs236731053_BC11",FALSE
"rs236731053_BC21",FALSE
"rs51841049_BC11",FALSE
"rs29242322_BC11",TRUE
"rs29242322_BC21",TRUE
"rs219958685_BC11",TRUE
"rs219958685_BC21",TRUE
"rs49716043_BC11",TRUE
"rs49716043_BC21",TRUE
"rs244847823_BC11",TRUE
"rs46563785_BC11",FALSE
"rs221755933_BC11",FALSE
"rs221755933_BC21",FALSE
"rs29509115_TC11",FALSE
"rs29509115_TC21",FALSE
"rs49775858_TC11",FALSE
"rs258892227_TC11",TRUE
"rs258892227_TC21",TRUE
"rs50801342_TC11",TRUE
"rs50801342_TC12",TRUE
"rs50801342_TC21",TRUE
"rs29950245_TC11",TRUE
"rs29950245_TC21",TRUE
"rs29898912_TC21",TRUE
"rs232251489_TC11",FALSE
"rs232251489_TC21",FALSE
"rs29494376_TC11",TRUE
"rs29494376_TC12",TRUE
"rs29494376_TC21",TRUE
"rs247490468_TC21",FALSE
"rs578535906_TC11",FALSE
"rs578535906_TC21",FALSE
"rs29773309_TC11",TRUE
"rs29773309_TC21",TRUE
"rs13-56442774_TC11",FALSE
"rs13-56442774_TC12",FALSE
"rs13-56442774_TC21",FALSE
"rs29493699_TC11",TRUE
"rs29493699_TC12",TRUE
"rs29493699_TC21",TRUE
"rs51543475_TC11",TRUE
"rs51543475_TC12",TRUE
"rs51543475_TC21",TRUE
"rs256836054_TC11",TRUE
"rs256836054_TC21",TRUE
"rs49486182_TC11",TRUE
"rs49486182_TC21",TRUE
"rs51841049_TC11",FALSE
"rs49716043_BO11",TRUE
"rs244847823_TC11",TRUE
"rs244847823_TC21",TRUE
"rs46563785_TC11",FALSE
"rs46563785_TC21",FALSE
"rs250218667_BC11",TRUE
"rs250218667_BC12",TRUE
"rs250218667_BC21",TRUE
"rs31179078_BC11",TRUE
"rs31179078_BC12",TRUE
"rs31179078_BC21",TRUE
"rs236594123_BC11",FALSE
"rs263669189_BC11",FALSE
"rs263669189_BC21",FALSE
"rs30544720_BC11",TRUE
"rs30544720_BC12",TRUE
"rs30544720_BC21",TRUE
"rs14-57046559_BC12",TRUE
"rs14-57046559_BC11",TRUE
"rs14-57046559_BC21",TRUE
"rs258027624_BC11",FALSE
"rs258027624_BC12",FALSE
"rs258027624_BC21",FALSE
"rs30984204_BC12",FALSE
"rs30984204_BC11",FALSE
"rs30984204_BC21",FALSE
"rs32355522_BC11",FALSE
"rs255694468_BC11",FALSE
"rs255694468_BC21",FALSE
"rs14-102540269_BC11",FALSE
"rs14-102540269_BC12",FALSE
"rs14-102540269_BC21",FALSE
"rs241079868_BC11",FALSE
"rs241079868_BC21",FALSE
"rs14-105754376_BC11",TRUE
"rs14-105754376_BC12",TRUE
"rs14-105754376_BC21",TRUE
"rs234134949_BC11",TRUE
"rs234134949_BC12",TRUE
"rs234134949_BC21",TRUE
"rs261034204_BC11",FALSE
"rs233104467_BC11",TRUE
"rs233104467_BC21",TRUE
"rs266134012_TC21",TRUE
"rs250218667_TC11",TRUE
"rs224474798_TC11",TRUE
"rs224474798_TC12",TRUE
"rs224474798_TC21",TRUE
"rs14-29220639_TC11",TRUE
"rs14-29220639_TC21",TRUE
"rs236594123_TC11",FALSE
"rs236594123_TC12",FALSE
"rs236594123_TC21",FALSE
"rs30544720_TC11",TRUE
"rs52570224_TC11",TRUE
"rs52570224_TC21",TRUE
"rs14-68848815_TC11",FALSE
"rs14-68848815_TC12",FALSE
"rs14-68848815_TC21",FALSE
"rs31413653_TC11",TRUE
"rs31413653_TC21",TRUE
"rs247974563_TC11",FALSE
"rs247974563_TC21",FALSE
"rs219153217_TC11",TRUE
"rs219153217_TC21",TRUE
"rs257206219_TC11",TRUE
"rs257206219_TC12",TRUE
"rs257206219_TC21",TRUE
"rs32355522_TC11",FALSE
"rs32355522_TC21",FALSE
"rs257429108_TC11",FALSE
"rs257429108_TC12",FALSE
"rs257429108_TC21",FALSE
"rs255694468_TC11",FALSE
"rs14-102540269_TC11",FALSE
"rs241079868_TC11",FALSE
"rs31064702_TC11",TRUE
"rs31064702_TC21",TRUE
"rs50372932_TC11",FALSE
"rs50372932_TC21",FALSE
"rs261034204_TC11",FALSE
"rs261034204_TC21",FALSE
"rs233104467_BO11",TRUE
"rs233104467_TC11",TRUE
"rs33109580_BC11",FALSE
"rs236680206_BC12",FALSE
"rs236680206_BC11",FALSE
"rs236680206_BC21",FALSE
"rs259159595_BC11",TRUE
"rs37868712_BC11",TRUE
"rs37868712_BC21",TRUE
"rs259178054_BC11",FALSE
"rs32062798_BC11",FALSE
"rs32478480_BC11",TRUE
"rs32478480_BC21",TRUE
"rs226357209_BC11",TRUE
"rs47515890_BC11",FALSE
"rs243106940_BC11",TRUE
"rs243106940_BC21",TRUE
"rs252823583_BC21",FALSE
"rs47896085_TO11",TRUE
"rs47896085_BC11",TRUE
"rs31563231_BC11",TRUE
"rs31563231_BC21",TRUE
"rs236081924_BC11",FALSE
"rs236081924_BC12",FALSE
"rs236081924_BC21",FALSE
"rs259254565_BC11",TRUE
"rs259254565_BC21",TRUE
"rs261434524_BC11",FALSE
"rs261434524_BC21",FALSE
"rs228040302_TC11",FALSE
"rs228040302_TC12",FALSE
"rs228040302_TC21",FALSE
"rs258337496_TC11",TRUE
"rs258337496_TC12",TRUE
"rs258337496_TC21",TRUE
"rs33109580_TC11",FALSE
"rs33109580_TC21",FALSE
"rs259159595_TC21",TRUE
"rs37868712_TC11",TRUE
"rs259178054_TC11",FALSE
"rs259178054_TC21",FALSE
"rs32062798_TC21",FALSE
"rs234936391_TC11",FALSE
"rs234936391_TC12",FALSE
"rs234936391_TC21",FALSE
"rs51534139_TC11",FALSE
"rs51534139_TC21",FALSE
"rs226357209_TC11",TRUE
"rs226357209_TC21",TRUE
"rs213725211_TC11",TRUE
"rs213725211_TC21",TRUE
"rs51244814_TC21",TRUE
"rs48687294_TC11",TRUE
"rs48687294_TC12",TRUE
"rs48687294_TC21",TRUE
"rs47515890_TC12",FALSE
"rs47515890_TC11",FALSE
"rs47515890_TC21",FALSE
"rs47896085_TC11",TRUE
"rs47896085_TC21",TRUE
"rs259254565_TC11",TRUE
"rs261434524_BO11",FALSE
"rs386894787_TC11",TRUE
"rs386894787_TC21",TRUE
"rs36382248_TC11",TRUE
"rs36382248_TC21",TRUE
"rs254673009_BC11",FALSE
"rs254673009_BC21",FALSE
"rs50242871_BC11",FALSE
"rs50242871_BC12",FALSE
"rs50242871_BC21",FALSE
"rs259540824_BC11",TRUE
"rs259540824_BC12",TRUE
"rs259540824_BC21",TRUE
"rs229575846_BC11",TRUE
"rs229575846_BC12",TRUE
"rs229575846_BC21",TRUE
"rs51717066_BC11",FALSE
"rs264337053_BC11",FALSE
"rs264337053_BC21",FALSE
"rs49545944_BC11",TRUE
"rs49545944_BC21",TRUE
"rs48868852_BC11",TRUE
"rs48868852_BC12",TRUE
"rs48868852_BC21",TRUE
"rs256801086_BC11",TRUE
"rs256801086_BC12",TRUE
"rs256801086_BC21",TRUE
"rs248191939_BC11",FALSE
"rs248191939_BC21",FALSE
"rs212651458_BC11",FALSE
"rs212651458_BC21",FALSE
"rs16-79651326_BC11",FALSE
"rs16-79651326_BC12",FALSE
"rs4211703_BC11",TRUE
"rs4211703_BC21",TRUE
"rs4152042_TC11",TRUE
"rs4152042_TC21",TRUE
"rs254673009_TC11",FALSE
"rs254463362_TC11",TRUE
"rs254463362_TC21",TRUE
"rs259540824_TC11",TRUE
"rs255702174_TC11",TRUE
"rs255702174_TC12",TRUE
"rs255702174_TC21",TRUE
"rs51717066_TC11",FALSE
"rs51717066_TC21",FALSE
"rs256858903_TC12",TRUE
"rs256858903_TC11",TRUE
"rs256858903_TC21",TRUE
"rs248191939_TC11",FALSE
"rs4190153_TC11",TRUE
"rs4190153_TC21",TRUE
"rs220569822_TC11",FALSE
"rs220569822_TC21",FALSE
"rs51465303_TC11",TRUE
"rs51465303_TC21",TRUE
"rs4211703_TC11",TRUE
"rs16-93198125_TC11",FALSE
"rs16-93198125_TC21",FALSE
"rs4221598_TC11",FALSE
"rs4221598_TC21",FALSE
"rs33362956_BC11",TRUE
"rs33362956_BC12",TRUE
"rs33362956_BC21",TRUE
"rs51795756_BC11",FALSE
"rs108787510_BC11",TRUE
"rs108787510_BC21",TRUE
"rs33664267_BC11",TRUE
"rs33664267_BC21",TRUE
"rs51334756_BC11",FALSE
"rs51334756_BC21",FALSE
"rs108270880_BC11",FALSE
"rs230933543_BC11",TRUE
"rs230933543_BC21",TRUE
"rs33779096_BC11",FALSE
"rs33779096_BC21",FALSE
"rs108867985_BC11",FALSE
"rs108867985_BC21",FALSE
"rs48535333_BC11",FALSE
"rs48535333_BC21",FALSE
"rs259355761_BC11",FALSE
"rs17-49346226_BC11",TRUE
"rs17-49346226_BC12",TRUE
"rs17-49346226_BC21",TRUE
"rs49265791_TO11",TRUE
"rs49221881_BC11",TRUE
"rs49221881_BC21",TRUE
"rs48792241_BC11",TRUE
"rs48792241_BC21",TRUE
"rs29749171_BC11",TRUE
"rs29749171_BC21",TRUE
"rs222735508_BC11",FALSE
"rs222735508_BC12",FALSE
"rs222735508_BC21",FALSE
"rs51795756_TC11",FALSE
"rs51795756_TC21",FALSE
"rs250170981_TC11",TRUE
"rs250170981_TC12",TRUE
"rs250170981_TC21",TRUE
"rs51334756_TC11",FALSE
"rs108270880_TC11",FALSE
"rs108270880_TC21",FALSE
"rs230933543_BO11",TRUE
"rs259355761_TC11",FALSE
"rs259355761_TC21",FALSE
"rs17-49346226_TC11",TRUE
"rs49265791_TC11",TRUE
"rs49265791_TC21",TRUE
"rs243427388_TC11",TRUE
"rs243427388_TC21",TRUE
"rs17-65441146_TC11",TRUE
"rs17-65441146_TC12",TRUE
"rs17-65441146_TC21",TRUE
"rs29749171_TC11",TRUE
"rs17-90509437_TC12",TRUE
"rs17-90509437_TC11",TRUE
"rs17-90509437_TC21",TRUE
"rs257595325_BC11",FALSE
"rs257595325_BC21",FALSE
"rs221570958_BC11",TRUE
"rs221570958_BC21",TRUE
"rs220040456_BC11",FALSE
"rs220040456_BC21",FALSE
"rs31241000_BC11",TRUE
"rs264840505_BC11",TRUE
"rs264840505_BC21",TRUE
"rs220976950_BC11",FALSE
"rs220976950_BC21",FALSE
"rs251928543_BC11",TRUE
"rs251928543_BC21",TRUE
"rs253167024_BC11",FALSE
"rs253167024_BC21",FALSE
"rs227235471_BC11",TRUE
"rs227235471_BC21",TRUE
"rs32157573_BC21",FALSE
"rs233896555_BC11",FALSE
"rs233896555_BC21",FALSE
"rs236989564_BC11",TRUE
"rs236989564_BC21",TRUE
"rs48807362_BC11",FALSE
"rs48807362_BC21",FALSE
"rs37660116_BC11",TRUE
"rs37660116_BC12",TRUE
"rs37660116_BC21",TRUE
"rs29625043_BC21",TRUE
"rs253697629_BC11",FALSE
"rs253697629_BC12",FALSE
"rs253697629_BC21",FALSE
"rs29977096_TC11",FALSE
"rs29977096_TC21",FALSE
"rs29726863_TC11",FALSE
"rs29726863_TC21",FALSE
"rs31241000_TC11",TRUE
"rs31241000_TC21",TRUE
"rs29566866_TC11",FALSE
"rs220976950_TC11",FALSE
"rs253167024_BO11",FALSE
"rs227235471_BO11",TRUE
"rs6167777_TC11",FALSE
"rs6167777_TC12",FALSE
"rs6167777_TC21",FALSE
"rs233896555_TC11",FALSE
"rs29779002_TC11",TRUE
"rs29779002_TC12",TRUE
"rs29779002_TC21",TRUE
"rs37660116_TC11",TRUE
"rs3668421_TC11",FALSE
"rs3668421_TC21",FALSE
"rs3654986_TC11",FALSE
"rs3654986_TC12",FALSE
"rs3654986_TC21",FALSE
"rs239634423_BC11",FALSE
"rs239634423_BC21",FALSE
"rs229913504_BC11",TRUE
"rs229913504_BC12",TRUE
"rs229913504_BC21",TRUE
"rs256923082_BC11",FALSE
"rs256923082_BC21",FALSE
"rs51153073_BC11",TRUE
"rs51153073_BC12",TRUE
"rs51153073_BC21",TRUE
"rs247542741_BC11",TRUE
"rs19-44422173_BC21",TRUE
"rs38514242_BC11",TRUE
"rs264841685_BC11",FALSE
"rs264841685_BC12",FALSE
"rs264841685_BC21",FALSE
"rs236632242_BC11",TRUE
"rs236632242_BC12",TRUE
"rs236632242_BC21",TRUE
"rs36617736_BC11",TRUE
"rs36617736_BC21",TRUE
"rs219242535_BC11",FALSE
"rs37398972_TC11",FALSE
"rs37398972_TC21",FALSE
"rs51153073_TC11",TRUE
"rs36402268_TC11",TRUE
"rs36402268_TC21",TRUE
"rs247542741_TC11",TRUE
"rs247542741_TC21",TRUE
"rs38514242_TC11",TRUE
"rs38514242_TC21",TRUE
"rs219242535_TC11",FALSE
"rs219242535_TC21",FALSE
"rs229015623_BC11",TRUE
"rs229015623_BC21",TRUE
"rs27065840_BC11",FALSE
"rs27065840_BC21",FALSE
"rs27066470_BC11",TRUE
"rs27066470_BC12",TRUE
"rs27066470_BC21",TRUE
"rs242399136_BC11",FALSE
"rs238682393_BC11",TRUE
"rs238682393_BC21",TRUE
"rs585463869_BC11",FALSE
"rs585463869_BC21",FALSE
"rs27930372_BC11",TRUE
"rs27930372_BC21",TRUE
"rs27932276_TO11",FALSE
"rs27932276_BC11",FALSE
"rs246625745_BC11",TRUE
"rs265202640_BC11",TRUE
"rs28031290_BC11",TRUE
"rs2-65531693_BC11",FALSE
"rs2-65531693_BC21",FALSE
"rs221388542_BC11",TRUE
"rs221388542_BC12",TRUE
"rs221388542_BC21",TRUE
"rs229241225_BC11",FALSE
"rs229241225_BC21",FALSE
"rs228014876_BC11",FALSE
"rs228014876_BC21",FALSE
"rs240101497_BC11",TRUE
"rs240101497_BC21",TRUE
"rs257379098_BC11",TRUE
"rs244056657_BC11",TRUE
"rs244056657_BC21",TRUE
"rs230802589_BC21",TRUE
"rs249350499_BC11",TRUE
"rs249350499_BC12",TRUE
"rs249350499_BC21",TRUE
"rs235486993_BC11",TRUE
"rs235486993_BC21",TRUE
"rs27380067_TO11",FALSE
"rs215310912_BC11",FALSE
"rs243168225_BC11",TRUE
"rs243168225_BC21",TRUE
"rs27458378_BC11",FALSE
"rs27458378_BC21",FALSE
"rs253699085_BC11",FALSE
"rs253699085_BC21",FALSE
"rs222653690_BC11",TRUE
"rs222653690_BC21",TRUE
"rs265036461_BC11",TRUE
"rs27266822_BC11",TRUE
"rs214072736_BC11",FALSE
"rs214072736_BC21",FALSE
"rs248476972_BC21",FALSE
"rs242957558_BC11",TRUE
"rs242957558_BC21",TRUE
"rs259964007_BC11",TRUE
"rs259964007_BC21",TRUE
"rs29717428_BC11",FALSE
"rs29717428_BC12",FALSE
"rs29717428_BC21",FALSE
"rs29632888_BC11",FALSE
"rs33752746_BC11",TRUE
"rs33752746_BC21",TRUE
"rs27647916_BC11",FALSE
"rs27647916_BC21",FALSE
"rs27647916_BC22",FALSE
"rs27665449_BC11",FALSE
"rs27665449_BC21",FALSE
"rs27670649_BC11",TRUE
"rs27670649_BC21",TRUE
"rs27066649_TC11",FALSE
"rs27066649_TC21",FALSE
"rs242399136_TC11",FALSE
"rs242399136_TC21",FALSE
"rs238682393_TC11",TRUE
"rs27201936_TC11",TRUE
"rs27201936_TC21",TRUE
"rs585463869_TC11",FALSE
"rs27932276_TC11",FALSE
"rs27932276_TC21",FALSE
"rs246625745_TC11",TRUE
"rs246625745_TC21",TRUE
"rs265202640_TC11",TRUE
"rs28031290_TC11",TRUE
"rs28031290_TC21",TRUE
"rs214603785_TC11",TRUE
"rs214603785_TC12",TRUE
"rs214603785_TC21",TRUE
"rs240101497_TC11",TRUE
"rs234825256_TC11",TRUE
"rs234825256_TC21",TRUE
"rs257379098_TC11",TRUE
"rs257379098_TC12",TRUE
"rs257379098_TC21",TRUE
"rs251915108_TC11",TRUE
"rs251915108_TC12",TRUE
"rs251915108_TC21",TRUE
"rs2-79399607_TC11",TRUE
"rs2-79399607_TC12",TRUE
"rs2-79399607_TC21",TRUE
"rs241125381_TC21",TRUE
"rs230802589_BO11",TRUE
"rs27380067_TC11",FALSE
"rs27380067_TC21",FALSE
"rs266047304_TC11",FALSE
"rs266047304_TC21",FALSE
"rs235357786_TC11",FALSE
"rs235357786_TC21",FALSE
"rs247569630_TC11",FALSE
"rs247569630_TC21",FALSE
"rs244808377_TC11",FALSE
"rs244808377_TC12",FALSE
"rs244808377_TC21",FALSE
"rs240049454_TC11",TRUE
"rs240049454_TC12",TRUE
"rs240049454_TC21",TRUE
"rs215310912_TC11",FALSE
"rs215310912_TC21",FALSE
"rs27410792_TC11",TRUE
"rs27410792_TC21",TRUE
"rs250971740_TC11",TRUE
"rs250971740_TC21",TRUE
"rs33605391_TC11",FALSE
"rs33605391_TC12",FALSE
"rs33605391_TC21",FALSE
"rs27469737_TC11",FALSE
"rs27469737_TC21",FALSE
"rs27469075_TC11",FALSE
"rs27469075_TC12",FALSE
"rs27439726_TC11",TRUE
"rs27439726_TC12",TRUE
"rs27439726_TC21",TRUE
"rs253699085_TC11",FALSE
"rs265036461_TC11",TRUE
"rs265036461_TC12",TRUE
"rs265036461_TC21",TRUE
"rs27266822_TC11",TRUE
"rs27266822_TC21",TRUE
"rs214072736_TC11",FALSE
"rs27218157_TC11",FALSE
"rs27218157_TC21",FALSE
"rs248476972_TC11",FALSE
"rs259964007_TC11",TRUE
"rs29558397_TC11",TRUE
"rs29558397_TC21",TRUE
"rs29632888_TC11",FALSE
"rs29632888_TC12",FALSE
"rs29632888_TC21",FALSE
"rs234689890_TC11",TRUE
"rs234689890_TC21",TRUE
"rs27307306_TC11",TRUE
"rs27307306_TC21",TRUE
"rs33233558_TC11",FALSE
"rs33233558_TC12",FALSE
"rs33233558_TC21",FALSE
"rs27670649_TC11",TRUE
"rs33622938_BC11",TRUE
"rs33622938_BC21",TRUE
"rs29810546_BC11",TRUE
"rs29810546_BC21",TRUE
"rs228827083_BC11",TRUE
"rs228945691_BC11",TRUE
"rs228945691_BC21",TRUE
"rs226108635_BC11",TRUE
"rs264144035_BC11",TRUE
"rs264144035_BC21",TRUE
"rs3-104718631_BC11",FALSE
"rs3-104718631_BC21",FALSE
"rs30312012_BC11",TRUE
"rs30312012_BC21",TRUE
"rs228472106_BC11",FALSE
"rs228395385_BC11",TRUE
"rs228395385_BC12",TRUE
"rs228395385_BC21",TRUE
"rs257587236_BC11",TRUE
"rs257587236_BC21",TRUE
"rs46517650_BC11",TRUE
"rs46517650_BC21",TRUE
"rs223425758_BC11",FALSE
"rs223425758_BC21",FALSE
"rs48521828_BC11",TRUE
"rs48521828_BC12",TRUE
"rs48521828_BC21",TRUE
"rs259233921_BC11",FALSE
"rs259233921_BC21",FALSE
"rs230265134_BC11",TRUE
"rs230265134_BC21",TRUE
"rs218606137_BC11",TRUE
"rs218606137_BC21",TRUE
"rs30667335_BC11",FALSE
"rs30667335_BC21",FALSE
"rs46462788_TC11",TRUE
"rs46462788_TC21",TRUE
"rs33622938_TC11",TRUE
"rs29608214_TC11",TRUE
"rs29608214_TC21",TRUE
"rs29810546_BO11",TRUE
"rs228827083_TC11",TRUE
"rs213308142_TC11",TRUE
"rs213308142_TC21",TRUE
"rs3-73115385_TC11",TRUE
"rs3-73115385_TC12",TRUE
"rs3-73115385_TC21",TRUE
"rs226108635_TC11",TRUE
"rs226108635_TC12",TRUE
"rs226108635_TC21",TRUE
"rs264144035_BO11",TRUE
"rs219585415_TC11",TRUE
"rs30692090_TC11",TRUE
"rs30692090_TC21",TRUE
"rs229210769_TC11",FALSE
"rs30312012_BO11",TRUE
"rs33695576_TC11",TRUE
"rs33695576_TC12",TRUE
"rs33695576_TC21",TRUE
"rs214866691_TC11",TRUE
"rs214866691_TC12",TRUE
"rs214866691_TC21",TRUE
"rs228472106_TC11",FALSE
"rs228472106_TC12",FALSE
"rs228472106_TC21",FALSE
"rs246262673_TC11",FALSE
"rs246262673_TC21",FALSE
"rs252815897_TC11",TRUE
"rs252815897_TC12",TRUE
"rs252815897_TC21",TRUE
"rs228395385_TC11",TRUE
"rs30468722_TC11",TRUE
"rs30468722_TC12",TRUE
"rs30468722_TC21",TRUE
"rs36397114_TC12",TRUE
"rs36397114_TC11",TRUE
"rs36397114_TC21",TRUE
"rs259233921_TC11",FALSE
"rs218606137_TC11",TRUE
"rs233485043_TC21",FALSE
"rs245805881_TC11",FALSE
"rs27703534_TO11",TRUE
"rs4-9998685_BC11",TRUE
"rs46646908_BC11",FALSE
"rs46646908_BC12",FALSE
"rs46646908_BC21",FALSE
"rs241466001_BC11",TRUE
"rs4-27201098_BC11",FALSE
"rs4-27201098_BC21",FALSE
"rs4-29382142_BC11",TRUE
"rs4-29382142_BC12",TRUE
"rs4-29382142_BC21",TRUE
"rs4-31167599_BC11",TRUE
"rs242382401_BC11",TRUE
"rs242382401_BC21",TRUE
"rs216352409_BC11",FALSE
"rs31842080_BC11",TRUE
"rs254769212_BC11",TRUE
"rs254769212_BC21",TRUE
"rs217747943_BC11",FALSE
"rs217747943_BC12",FALSE
"rs217747943_BC21",FALSE
"rs235353808_BC11",FALSE
"rs235353808_BC21",FALSE
"rs263489370_TO11",TRUE
"rs4-83461976_BC11",TRUE
"rs4-83461976_BC21",TRUE
"rs578266421_BC21",TRUE
"rs4-90920216_BC11",TRUE
"rs4-90920216_BC12",TRUE
"rs4-90920216_BC21",TRUE
"rs28159258_BC11",TRUE
"rs28159258_BC21",TRUE
"rs28161401_BC11",TRUE
"rs28161401_BC21",TRUE
"rs255474359_BC11",FALSE
"rs255474359_BC21",FALSE
"rs255474359_BC22",FALSE
"rs239118269_BC11",TRUE
"rs239118269_BC12",TRUE
"rs239118269_BC21",TRUE
"rs28331298_BC11",TRUE
"rs28331298_BC21",TRUE
"rs28186846_BC21",TRUE
"rs261100115_BC11",FALSE
"rs261100115_BC12",FALSE
"rs261100115_BC21",FALSE
"rs27703534_TC11",TRUE
"rs27703534_TC21",TRUE
"rs4-9998685_TC11",TRUE
"rs4-9998685_TC21",TRUE
"rs244300579_TC11",TRUE
"rs244300579_TC21",TRUE
"rs240421468_TC11",FALSE
"rs240421468_TC21",FALSE
"rs241466001_TC11",TRUE
"rs241466001_TC21",TRUE
"rs4-31167599_TC11",TRUE
"rs4-31167599_TC21",TRUE
"rs262998696_TC21",TRUE
"rs242382401_BO11",TRUE
"rs216352409_TC12",FALSE
"rs216352409_TC11",FALSE
"rs216352409_TC21",FALSE
"rs31842080_TC11",TRUE
"rs31842080_TC21",TRUE
"rs32086004_TC11",TRUE
"rs32086004_TC21",TRUE
"rs235353808_TC11",FALSE
"rs263489370_TC11",TRUE
"rs263489370_TC21",TRUE
"rs27904525_TC11",TRUE
"rs27904525_TC21",TRUE
"rs4-76042086_TC12",TRUE
"rs4-76042086_TC11",TRUE
"rs254962283_TC11",TRUE
"rs254962283_TC12",TRUE
"rs254962283_TC21",TRUE
"rs28104183_TC21",FALSE
"rs4-83461976_TC11",TRUE
"rs28327594_TC11",FALSE
"rs28327594_TC21",FALSE
"rs28173501_TC11",FALSE
"rs28173501_TC12",FALSE
"rs28173501_TC21",FALSE
"rs27569332_TC11",TRUE
"rs27569332_TC21",TRUE
"rs230647266_TC21",FALSE
"rs46771972_BC11",TRUE
"rs46771972_BC12",TRUE
"rs46771972_BC21",TRUE
"rs265785977_BC11",TRUE
"rs5-20101526_BC11",TRUE
"rs5-20101526_BC21",TRUE
"rs32728065_BC11",FALSE
"rs253178866_BC11",FALSE
"rs253178866_BC12",FALSE
"rs253178866_BC21",FALSE
"rs5-52164994_BC11",TRUE
"rs31558350_BC11",TRUE
"rs31558350_BC12",TRUE
"rs31558350_BC21",TRUE
"rs243873738_BC11",TRUE
"rs47164625_BC11",TRUE
"rs47164625_BC21",TRUE
"rs228633605_BC11",TRUE
"rs29203451_TC11",TRUE
"rs29203451_TC12",TRUE
"rs29203451_TC21",TRUE
"rs29160242_TC21",FALSE
"rs265785977_TC11",TRUE
"rs265785977_TC12",TRUE
"rs265785977_TC21",TRUE
"rs32728065_TC11",FALSE
"rs32728065_TC21",FALSE
"rs5-52164994_TC12",TRUE
"rs5-52164994_TC11",TRUE
"rs5-52164994_TC21",TRUE
"rs37324321_TC11",TRUE
"rs37324321_TC12",TRUE
"rs37324321_TC21",TRUE
"rs221440008_TC11",FALSE
"rs221440008_TC21",FALSE
"rs51346161_TC11",TRUE
"rs51346161_TC12",TRUE
"rs51346161_TC21",TRUE
"rs214645656_TC11",TRUE
"rs214645656_TC21",TRUE
"rs214969250_TC11",FALSE
"rs214969250_TC12",FALSE
"rs214969250_TC21",FALSE
"rs243873738_TC11",TRUE
"rs243873738_TC12",TRUE
"rs243873738_TC21",TRUE
"rs29816695_TC11",TRUE
"rs29816695_TC21",TRUE
"rs5-101487991_TC12",FALSE
"rs5-101487991_TC11",FALSE
"rs5-101487991_TC21",FALSE
"rs46715553_TC11",TRUE
"rs46715553_TC12",TRUE
"rs46715553_TC21",TRUE
"rs47164625_BO11",TRUE
"rs228633605_TC11",TRUE
"rs228633605_TC12",TRUE
"rs228633605_TC21",TRUE
"rs265921441_BC11",TRUE
"rs265921441_BC21",TRUE
"rs6-11530051_BC11",TRUE
"rs6-11530051_BC21",TRUE
"rs231569683_BC21",TRUE
"rs231569683_BC22",TRUE
"rs48211255_BC11",FALSE
"rs48211255_BC12",FALSE
"rs48211255_BC21",FALSE
"rs37454539_TO11",FALSE
"rs47435801_BC11",FALSE
"rs47435801_BC21",FALSE
"rs242930132_BC11",FALSE
"rs242930132_BC21",FALSE
"rs221474789_BC11",TRUE
"rs249746634_BC11",TRUE
"rs249746634_BC21",TRUE
"rs244908367_BC11",TRUE
"rs244908367_BC21",TRUE
"rs50731739_BC11",FALSE
"rs50731739_BC12",FALSE
"rs50731739_BC21",FALSE
"rs254558324_BC11",TRUE
"rs254558324_BC12",TRUE
"rs254558324_BC21",TRUE
"rs387510518_BC11",TRUE
"rs387510518_BC21",TRUE
"rs252985227_BC11",FALSE
"rs252985227_BC21",FALSE
"rs37115174_BC11",TRUE
"rs387058893_TO11",FALSE
"rs36605103_BC11",FALSE
"rs36605103_BC21",FALSE
"rs49302583_TC11",FALSE
"rs49302583_TC12",FALSE
"rs49302583_TC21",FALSE
"rs265921441_TC11",TRUE
"rs6-11530051_BO11",TRUE
"rs265189229_TC11",TRUE
"rs265189229_TC12",TRUE
"rs264131445_TC12",TRUE
"rs264131445_TC11",TRUE
"rs264131445_TC21",TRUE
"rs37454539_TC11",FALSE
"rs37454539_TC21",FALSE
"rs3667332_TC11",FALSE
"rs3667332_TC21",FALSE
"rs6-48454003_TC21",TRUE
"rs242930132_TC11",FALSE
"rs221474789_TC12",TRUE
"rs221474789_TC11",TRUE
"rs221474789_TC21",TRUE
"rs30836183_TC11",TRUE
"rs30836183_TC12",TRUE
"rs30836183_TC21",TRUE
"rs224166544_TC11",FALSE
"rs224166544_TC21",FALSE
"rs229473485_TC11",TRUE
"rs229473485_TC21",TRUE
"rs252985227_TC11",FALSE
"rs37115174_TC11",TRUE
"rs37115174_TC21",TRUE
"rs31895645_TC11",TRUE
"rs387058893_TC11",FALSE
"rs387058893_TC21",FALSE
"rs7-14467849_BC11",FALSE
"rs7-14467849_BC21",FALSE
"rs32299283_BC11",FALSE
"rs32299283_BC21",FALSE
"rs243428925_BC11",TRUE
"rs243428925_BC12",TRUE
"rs243428925_BC21",TRUE
"rs51703304_BC21",FALSE
"rs231783152_BC11",FALSE
"rs231783152_BC21",FALSE
"rs246917109_BC21",TRUE
"rs48539460_BC11",FALSE
"rs31766592_BC11",FALSE
"rs31766592_BC12",FALSE
"rs31766592_BC21",FALSE
"rs230272606_BC11",TRUE
"rs253330544_BC11",TRUE
"rs51623688_TO11",TRUE
"rs32430537_BC11",FALSE
"rs32430537_BC12",FALSE
"rs32430537_BC21",FALSE
"rs33036540_BC11",TRUE
"rs33036540_BC21",TRUE
"rs215425012_BC11",FALSE
"rs215425012_BC12",FALSE
"rs215425012_BC21",FALSE
"rs238891333_BC11",TRUE
"rs238891333_BC21",TRUE
"rs228378915_BC11",FALSE
"rs228378915_BC21",FALSE
"rs237581131_BC11",TRUE
"rs241169121_BC11",TRUE
"rs241169121_BC21",TRUE
"rs39674167_BC11",TRUE
"rs39674167_BC21",TRUE
"rs230812213_BC11",TRUE
"rs230812213_BC21",TRUE
"rs37841887_TO11",TRUE
"rs36727900_BC21",TRUE
"rs47058788_BC11",FALSE
"rs47058788_BC21",FALSE
"rs263472428_TC11",TRUE
"rs263472428_TC21",TRUE
"rs38502664_TC11",FALSE
"rs38502664_TC12",FALSE
"rs38502664_TC21",FALSE
"rs245545222_TC11",TRUE
"rs245545222_TC12",TRUE
"rs245545222_TC21",TRUE
"rs246917109_BO11",TRUE
"rs48539460_TC11",FALSE
"rs48539460_TC21",FALSE
"rs50571417_TC11",FALSE
"rs50571417_TC21",FALSE
"rs241373111_TC11",FALSE
"rs241373111_TC21",FALSE
"rs230272606_TC21",TRUE
"rs253330544_TC11",TRUE
"rs253330544_TC12",TRUE
"rs253330544_TC21",TRUE
"rs213261634_TC11",TRUE
"rs213261634_TC12",TRUE
"rs213261634_TC21",TRUE
"rs255216138_TC11",TRUE
"rs255216138_TC12",TRUE
"rs255216138_TC21",TRUE
"rs51623688_TC11",TRUE
"rs51623688_TC21",TRUE
"rs7-123288709_TC11",TRUE
"rs7-123288709_TC21",TRUE
"rs256716102_TC11",TRUE
"rs256716102_TC21",TRUE
"rs228378915_TC11",FALSE
"rs257179659_TC11",TRUE
"rs257179659_TC21",TRUE
"rs237581131_TC11",TRUE
"rs237581131_TC21",TRUE
"rs246127201_TC11",TRUE
"rs246127201_TC12",TRUE
"rs246127201_TC21",TRUE
"rs230812213_BO11",TRUE
"rs37841887_TC11",TRUE
"rs37841887_TC21",TRUE
"rs51172188_BC11",TRUE
"rs51172188_BC21",TRUE
"rs8-3871958_BC11",TRUE
"rs8-3871958_BC21",TRUE
"rs248699051_BC11",FALSE
"rs248699051_BC21",FALSE
"rs259517289_BC11",FALSE
"rs259517289_BC12",FALSE
"rs259517289_BC21",FALSE
"rs38137123_BC11",FALSE
"rs220599579_BC11",TRUE
"rs33381927_BC11",TRUE
"rs33381927_BC21",TRUE
"rs32781835_TO11",FALSE
"rs248221995_BC11",TRUE
"rs49658760_BC11",FALSE
"rs49658760_BC21",FALSE
"rs33388595_BC11",FALSE
"rs33388595_BC12",FALSE
"rs33388595_BC21",FALSE
"rs30817317_BC11",TRUE
"rs30817317_BC21",TRUE
"rs6183279_BC11",TRUE
"rs6183279_BC21",TRUE
"rs8-46243839_BC11",FALSE
"rs8-46243839_BC12",FALSE
"rs8-46243839_BC21",FALSE
"rs230713354_BC11",TRUE
"rs230713354_BC21",TRUE
"rs247664967_BC11",TRUE
"rs247664967_BC21",TRUE
"rs8-86331371_BC11",TRUE
"rs8-86331371_BC12",TRUE
"rs8-86331371_BC21",TRUE
"rs583116188_BC11",TRUE
"rs583116188_BC21",TRUE
"rs255314446_BC11",FALSE
"rs241697348_BC11",TRUE
"rs241697348_BC21",TRUE
"rs387546874_BC11",FALSE
"rs387546874_BC21",FALSE
"rs8-3871958_TC11",TRUE
"rs38137123_TC11",FALSE
"rs38137123_TC21",FALSE
"rs220599579_TC11",TRUE
"rs220599579_TC12",TRUE
"rs220599579_TC21",TRUE
"rs50706378_TC11",FALSE
"rs50706378_TC12",FALSE
"rs49174199_TC11",TRUE
"rs49174199_TC21",TRUE
"rs32781835_TC11",FALSE
"rs32781835_TC21",FALSE
"rs248221995_TC11",TRUE
"rs248221995_TC21",TRUE
"rs33388595_TC11",FALSE
"rs8-56855732_TC11",TRUE
"rs8-56855732_TC21",TRUE
"rs261472181_TC11",FALSE
"rs261472181_TC21",FALSE
"rs255314446_TC11",FALSE
"rs255314446_TC21",FALSE
"rs8-128482818_TC11",FALSE
"rs8-128482818_TC12",FALSE
"rs8-128482818_TC21",FALSE
"rs387546874_TC11",FALSE
"rs238722708_BC11",FALSE
"rs238722708_BC21",FALSE
"rs234243290_BC21",FALSE
"rs244963628_BC11",TRUE
"rs244963628_BC12",TRUE
"rs244963628_BC21",TRUE
"rs253397710_BC11",TRUE
"rs253397710_BC21",TRUE
"rs37087486_BC11",FALSE
"rs37087486_BC21",FALSE
"rs37087486_BC22",FALSE
"rs46907146_BC11",TRUE
"rs46907146_BC12",TRUE
"rs46907146_BC21",TRUE
"rs32398298_BC11",TRUE
"rs32398298_BC21",TRUE
"rs9-24938681_BC11",TRUE
"rs9-24938681_BC12",TRUE
"rs9-24938681_BC21",TRUE
"rs211820359_BC11",TRUE
"rs211820359_BC12",TRUE
"rs211820359_BC21",TRUE
"rs217896222_BC11",TRUE
"rs217896222_BC21",TRUE
"rs252101019_BC11",TRUE
"rs261766351_BC11",TRUE
"rs218830754_BC21",TRUE
"rs49811955_BC11",FALSE
"rs49811955_BC21",FALSE
"rs52054624_BC11",TRUE
"rs52054624_BC21",TRUE
"rs9-49486682_BC11",FALSE
"rs9-49486682_BC21",FALSE
"rs30179612_BC11",TRUE
"rs9-53259736_BC11",FALSE
"rs9-53259736_BC21",FALSE
"rs236624633_BC11",TRUE
"rs236624633_BC21",TRUE
"rs50315637_BC11",TRUE
"rs50315637_BC21",TRUE
"rs30381374_BC11",FALSE
"rs30381374_BC12",FALSE
"rs30381374_BC21",FALSE
"rs36334732_BC11",FALSE
"rs36334732_BC12",FALSE
"rs6153119_BC11",FALSE
"rs6153119_BC12",FALSE
"rs6153119_BC21",FALSE
"rs9-86749507_BC11",TRUE
"rs252749385_BC11",TRUE
"rs252749385_BC21",TRUE
"rs226813272_BC11",FALSE
"rs226813272_BC21",FALSE
"rs265113641_BC11",FALSE
"rs265113641_BC21",FALSE
"rs223682945_TO11",TRUE
"rs214661156_BC11",TRUE
"rs214661156_BC21",TRUE
"rs234834208_BC11",TRUE
"rs9-122111793_BC11",TRUE
"rs9-122111793_BC12",TRUE
"rs9-122111793_BC21",TRUE
"rs9-123336588_BC11",TRUE
"rs9-123336588_BC21",TRUE
"rs238722708_TC11",FALSE
"rs234243290_TC11",FALSE
"rs244963628_TC11",TRUE
"rs252915005_TC11",TRUE
"rs252915005_TC21",TRUE
"rs260931187_TC12",TRUE
"rs260931187_TC11",TRUE
"rs260931187_TC21",TRUE
"rs253397710_TC11",TRUE
"rs46907146_TC11",TRUE
"rs32398298_TC11",TRUE
"rs215246860_TC11",TRUE
"rs215246860_TC12",TRUE
"rs215246860_TC21",TRUE
"rs252101019_TC21",TRUE
"rs261766351_TC12",TRUE
"rs261766351_TC11",TRUE
"rs261766351_TC21",TRUE
"rs46270449_TC11",TRUE
"rs46270449_TC21",TRUE
"rs30480269_TC21",TRUE
"rs9-41473787_TC11",TRUE
"rs9-41473787_TC21",TRUE
"rs30179612_TC11",TRUE
"rs30179612_TC12",TRUE
"rs30179612_TC21",TRUE
"rs37152337_TC11",TRUE
"rs51867246_TC11",TRUE
"rs51867246_TC21",TRUE
"rs254050478_TC12",FALSE
"rs254050478_TC11",FALSE
"rs254050478_TC21",FALSE
"rs36334732_TC11",FALSE
"rs9-86749507_TC11",TRUE
"rs9-86749507_TC12",TRUE
"rs9-86749507_TC21",TRUE
"rs258902364_TC11",TRUE
"rs258902364_TC21",TRUE
"rs226813272_TC11",FALSE
"rs233959756_TC11",TRUE
"rs233959756_TC21",TRUE
"rs223682945_TC11",TRUE
"rs223682945_TC21",TRUE
"rs247447149_TC11",TRUE
"rs247447149_TC12",TRUE
"rs247447149_TC21",TRUE
"rs31369752_BC11",TRUE
"rs33715364_BC11",FALSE
"rs33715364_BC21",FALSE
"rs247824387_BC11",TRUE
"rs247824387_BC21",TRUE
"rs30289272_BC11",TRUE
"rs251745524_BC11",FALSE
"rs251745524_TO11",FALSE
"rs29056176_BC11",TRUE
"rs29072964_BC11",FALSE
"rs245995211_BC11",TRUE
"rs255815160_BC11",FALSE
"rs255815160_BC12",FALSE
"rs255815160_BC21",FALSE
"rs219988166_BC11",TRUE
"rs219988166_BC12",TRUE
"rs219988166_BC21",TRUE
"rs214537044_BC11",FALSE
"rs214537044_BC21",FALSE
"rs238381919_BC11",TRUE
"rs238381919_BC21",TRUE
"rs29105385_BC11",TRUE
"rs29105385_BC21",TRUE
"rs13484029_BC12",FALSE
"rs13484029_BC11",FALSE
"rs13484029_BC21",FALSE
"rsX-139395999_BC11",TRUE
"rsX-139395999_BC21",TRUE
"rs29285409_BC11",TRUE
"rs29285409_BC21",TRUE
"rs29278211_BC11",FALSE
"rs29278211_BC21",FALSE
"rs29281557_BC11",FALSE
"rs256709818_BC11",TRUE
"rs256709818_BC12",TRUE
"rs256709818_BC21",TRUE
"rs29276929_BC21",TRUE
"rs255030006_BC11",TRUE
"rs255030006_BC21",TRUE
"rs29311435_BC11",FALSE
"rs29311435_BC12",FALSE
"rs29311435_BC21",FALSE
"rs29305617_BC11",TRUE
"rs29305617_BC21",TRUE
"rs31596046_BC11",TRUE
"rs31596046_BC21",TRUE
"rs31369752_TC11",TRUE
"rs31369752_TC21",TRUE
"rs30289272_TC11",TRUE
"rs30289272_TC12",TRUE
"rs30289272_TC21",TRUE
"rs213832426_TC11",FALSE
"rs213832426_TC12",FALSE
"rs213832426_TC21",FALSE
"rs251745524_TC11",FALSE
"rs251745524_TC21",FALSE
"rs29056176_TC11",TRUE
"rs29056176_TC12",TRUE
"rs29056176_TC21",TRUE
"rs29041768_TC11",FALSE
"rs29041768_TC21",FALSE
"rs252606438_TC11",TRUE
"rs252606438_TC21",TRUE
"rs29072964_TC11",FALSE
"rs29072964_TC21",FALSE
"rs245995211_TC12",TRUE
"rs245995211_TC11",TRUE
"rs245995211_TC21",TRUE
"rs258302806_TC11",TRUE
"rs258302806_TC21",TRUE
"rs257351463_TC11",TRUE
"rs257351463_TC12",TRUE
"rs257351463_TC21",TRUE
"rs29097237_TC11",TRUE
"rs29097237_TC21",TRUE
"rs29095631_TC11",FALSE
"rs29095631_TC21",FALSE
"rs29107060_TC11",TRUE
"rs29107060_TC21",TRUE
"rs29105385_TC11",TRUE
"rs29272296_TC11",FALSE
"rs29272296_TC12",FALSE
"rs29272296_TC21",FALSE
"rs13484029_TC11",FALSE
"rs29285409_BO11",TRUE
"rs213041055_TC21",TRUE
"rs29278211_BO11",FALSE
"rs29281557_TC11",FALSE
"rs29281557_TC12",FALSE
"rs29281557_TC21",FALSE
"rs256709818_TC11",TRUE
"rs214839557_TC11",FALSE
"rs214839557_TC21",FALSE
"rs255030006_TC11",TRUE
"rs255030006_BO11",TRUE
"rs29305617_TC11",TRUE
"rs31693830_TC11",TRUE
"rs31693830_TC21",TRUE
"rs31792310_TC11",FALSE
"rs31792310_TC21",FALSE
